location,bhk,area_sqft,bathrooms,furnishing,parking,rent
Borivali,3,1093,2.0,Unfurnished,0,49669
Chembur,2,731,1.0,Fully-Furnished,1,48883
Malad,1,351,1.0,Unfurnished,0,17747
Powai,2,698,1.0,Semi-Furnished,0,59672
Borivali,1,357,1.0,Unfurnished,0,18307
Dadar,1,425,2.0,Unfurnished,1,44426
Dadar,1,314,1.0,Semi-Furnished,0,33902
Bandra,3,1109,4.0,Semi-Furnished,1,124260
Chembur,3,1071,4.0,Unfurnished,0,69738
Goregaon,2,549,3.0,Unfurnished,1,31517
Andheri,3,1088,3.0,Unfurnished,0,73485
Borivali,3,978,3.0,Unfurnished,0,48195
Powai,2,736,2.0,Unfurnished,1,51620
Andheri,3,987,3.0,Semi-Furnished,1,66146
Kandivali,2,712,1.0,Unfurnished,1,36535
Thane,1,468,2.0,Fully-Furnished,1,28874
Powai,1,423,2.0,Unfurnished,1,36429
Kandivali,1,407,1.0,Unfurnished,1,22006
Dadar,2,630,2.0,Semi-Furnished,0,59268
Powai,2,646,3.0,Semi-Furnished,1,57019
Andheri,1,300,1.0,Semi-Furnished,0,19772
Andheri,4,1364,5.0,Fully-Furnished,0,106892
Bandra,2,857,2.0,Semi-Furnished,1,80704
Andheri,3,1162,3.0,Unfurnished,1,66206
Andheri,1,504,1.0,Semi-Furnished,1,35747
Powai,3,1007,3.0,Unfurnished,1,86129
Borivali,4,1368,3.0,Unfurnished,1,63743
Kandivali,2,783,1.0,Semi-Furnished,0,43637
Andheri,1,300,1.0,Semi-Furnished,1,24895
Dadar,3,1099,3.0,Fully-Furnished,1,132434
Chembur,2,713,2.0,Semi-Furnished,1,42930
Dadar,3,989,4.0,Unfurnished,1,82988
Powai,3,980,3.0,Semi-Furnished,0,85193
Malad,4,1472,4.0,Fully-Furnished,1,96585
Andheri,1,300,1.0,Fully-Furnished,0,25235
Thane,3,1098,3.0,Fully-Furnished,1,56773
Thane,1,341,1.0,Semi-Furnished,1,17355
Kandivali,4,1308,4.0,Semi-Furnished,1,83895
Andheri,3,1083,3.0,Unfurnished,1,65544
Powai,2,641,2.0,Semi-Furnished,1,58037
Andheri,1,305,1.0,Unfurnished,1,21084
Bandra,2,603,2.0,Semi-Furnished,0,71314
Kandivali,3,1078,2.0,Semi-Furnished,1,53078
Thane,2,668,2.0,Semi-Furnished,1,38058
Dadar,1,341,1.0,Semi-Furnished,0,31928
Thane,1,339,2.0,Semi-Furnished,0,18121
Andheri,2,674,1.0,Semi-Furnished,0,44373
Borivali,3,1182,3.0,Unfurnished,1,57227
Thane,1,300,,Unfurnished,1,16195
Dadar,1,306,1.0,Semi-Furnished,1,34368
Kandivali,4,1374,4.0,Semi-Furnished,1,82637
Andheri,2,777,3.0,Semi-Furnished,0,60240
Dadar,2,826,1.0,Fully-Furnished,1,82277
Powai,3,958,2.0,Unfurnished,0,76084
Bandra,1,300,1.0,Unfurnished,1,33962
Kandivali,2,697,2.0,Semi-Furnished,1,36380
Chembur,3,999,3.0,Semi-Furnished,1,69460
Powai,4,1256,4.0,Semi-Furnished,1,101031
Thane,1,441,1.0,Unfurnished,1,23469
Dadar,3,1104,2.0,Unfurnished,1,94228
Powai,1,375,2.0,Semi-Furnished,1,35077
Thane,1,439,1.0,Fully-Furnished,1,31023
Goregaon,1,375,1.0,Unfurnished,0,22904
Kandivali,3,1054,3.0,Semi-Furnished,0,59691
Bandra,3,1053,3.0,Fully-Furnished,1,120036
Andheri,3,1073,2.0,Fully-Furnished,1,82444
Powai,3,887,3.0,Unfurnished,1,79457
Bandra,2,725,1.0,Semi-Furnished,0,72145
Goregaon,2,755,2.0,Semi-Furnished,1,46252
Thane,1,417,1.0,Semi-Furnished,1,21451
Andheri,2,769,1.0,Fully-Furnished,1,60402
Chembur,2,675,2.0,Unfurnished,1,38646
Kandivali,1,300,2.0,Fully-Furnished,1,20751
Andheri,2,838,3.0,Unfurnished,1,48886
Malad,4,1459,4.0,Unfurnished,1,85681
Thane,1,444,2.0,Fully-Furnished,1,27789
Kandivali,2,690,2.0,Unfurnished,0,38423
Borivali,3,1050,2.0,Semi-Furnished,1,57580
Powai,1,300,1.0,Unfurnished,0,23265
Andheri,3,927,4.0,Unfurnished,1,67528
Malad,3,1144,3.0,Fully-Furnished,0,73741
Goregaon,2,491,1.0,Semi-Furnished,1,30433
Powai,4,1416,4.0,Semi-Furnished,1,123441
Powai,4,1416,5.0,Fully-Furnished,0,117346
Kandivali,3,1048,4.0,Unfurnished,0,58184
Malad,2,789,3.0,Unfurnished,1,39565
Borivali,1,300,2.0,Semi-Furnished,1,20798
Bandra,2,749,2.0,Unfurnished,0,69730
Thane,2,528,2.0,Unfurnished,1,29129
Goregaon,1,507,2.0,Fully-Furnished,1,36637
Andheri,2,749,1.0,Fully-Furnished,1,61317
Chembur,2,578,3.0,Semi-Furnished,0,42586
Chembur,1,419,1.0,Semi-Furnished,0,26820
Kandivali,2,630,2.0,Unfurnished,0,32200
Goregaon,3,1056,2.0,Fully-Furnished,1,68416
Dadar,2,676,3.0,Semi-Furnished,1,79575
Chembur,2,539,1.0,Unfurnished,1,34874
Bandra,1,300,1.0,Unfurnished,0,29455
Malad,2,795,2.0,Unfurnished,0,40657
Borivali,3,1063,3.0,Fully-Furnished,1,70882
Andheri,2,765,2.0,Semi-Furnished,1,56271
Powai,3,977,4.0,Unfurnished,0,80849
Kandivali,3,1051,3.0,Semi-Furnished,1,57536
Andheri,2,865,2.0,Fully-Furnished,0,56924
Bandra,1,344,1.0,Semi-Furnished,0,34510
Andheri,3,1005,2.0,Semi-Furnished,1,77272
Powai,1,389,2.0,Fully-Furnished,1,45373
Thane,1,324,1.0,Unfurnished,1,17070
Dadar,2,836,3.0,Semi-Furnished,1,88221
Powai,2,513,1.0,Unfurnished,1,45789
Borivali,2,516,2.0,Semi-Furnished,0,32207
Dadar,3,1100,3.0,Semi-Furnished,1,125235
Goregaon,2,766,2.0,Unfurnished,1,41145
Thane,3,1133,3.0,Unfurnished,1,52862
Dadar,2,664,2.0,Semi-Furnished,1,68250
Powai,3,919,2.0,Fully-Furnished,1,92119
Chembur,2,628,2.0,Semi-Furnished,1,35305
Chembur,2,683,3.0,Semi-Furnished,0,44894
Dadar,3,1001,2.0,Semi-Furnished,1,106591
Chembur,3,999,4.0,Unfurnished,1,58836
Malad,2,564,1.0,Semi-Furnished,0,35343
Goregaon,1,300,1.0,Fully-Furnished,1,20275
Borivali,2,673,2.0,Unfurnished,1,39386
Malad,1,300,2.0,Unfurnished,1,19425
Malad,1,356,1.0,Fully-Furnished,0,20614
Malad,3,942,3.0,Semi-Furnished,0,55549
Borivali,2,654,2.0,Unfurnished,0,35033
Chembur,2,783,2.0,Semi-Furnished,1,47286
Bandra,2,671,3.0,Fully-Furnished,1,87230
Kandivali,2,611,2.0,Fully-Furnished,1,46491
Borivali,3,1107,2.0,Semi-Furnished,0,53483
Thane,1,300,1.0,Fully-Furnished,1,20851
Chembur,3,1027,3.0,Fully-Furnished,0,67807
Borivali,3,1076,3.0,Fully-Furnished,1,71447
Dadar,2,663,2.0,Unfurnished,1,64614
Malad,3,1125,3.0,Fully-Furnished,1,72422
Chembur,1,372,1.0,Fully-Furnished,1,28384
Powai,2,769,1.0,Unfurnished,0,61572
Dadar,1,373,1.0,Unfurnished,1,35837
Thane,3,989,2.0,Semi-Furnished,1,52294
Borivali,1,316,1.0,Fully-Furnished,1,20516
Goregaon,2,794,1.0,Unfurnished,1,44397
Bandra,1,322,2.0,Fully-Furnished,0,41665
Chembur,2,718,3.0,Semi-Furnished,1,50181
Chembur,4,1331,5.0,Semi-Furnished,0,90253
Dadar,1,554,1.0,Semi-Furnished,1,53774
Goregaon,1,347,1.0,Semi-Furnished,1,26024
Powai,3,1100,3.0,Unfurnished,0,90252
Thane,1,344,1.0,Unfurnished,1,19053
Powai,3,1094,3.0,Semi-Furnished,1,102477
Bandra,2,734,2.0,Semi-Furnished,1,82164
Borivali,1,300,2.0,Unfurnished,1,19971
Bandra,3,1044,3.0,Fully-Furnished,0,121833
Chembur,1,300,1.0,Semi-Furnished,1,23205
Chembur,2,647,2.0,Semi-Furnished,1,46390
Bandra,1,356,2.0,Fully-Furnished,0,48368
Dadar,1,557,2.0,Fully-Furnished,1,60166
Goregaon,2,839,1.0,Unfurnished,1,46311
Bandra,2,545,3.0,Unfurnished,1,52686
Thane,3,1036,4.0,Fully-Furnished,1,60342
Bandra,1,363,1.0,Fully-Furnished,0,45845
Bandra,2,737,2.0,Fully-Furnished,1,95171
Powai,2,564,2.0,Fully-Furnished,1,58248
Chembur,3,1228,2.0,Semi-Furnished,1,73189
Thane,1,320,2.0,Semi-Furnished,0,19085
Bandra,3,1093,2.0,Semi-Furnished,0,124986
Malad,2,697,2.0,Fully-Furnished,0,50818
Thane,4,1472,4.0,Unfurnished,1,71058
Andheri,3,1097,2.0,Unfurnished,0,71483
Goregaon,4,1425,5.0,Unfurnished,1,78290
Kandivali,2,656,2.0,Unfurnished,1,37467
Borivali,1,330,1.0,Semi-Furnished,0,17272
Chembur,3,1018,3.0,Semi-Furnished,1,63386
Thane,1,364,1.0,Fully-Furnished,0,21741
Malad,3,994,4.0,Unfurnished,1,55567
Dadar,2,563,1.0,Unfurnished,0,53238
Powai,2,754,2.0,Semi-Furnished,0,63898
Borivali,3,1116,3.0,Semi-Furnished,1,59849
Powai,4,1382,3.0,Fully-Furnished,1,123542
Dadar,2,771,2.0,Semi-Furnished,0,73010
Andheri,3,1126,4.0,Semi-Furnished,0,76480
Goregaon,3,1106,3.0,Semi-Furnished,0,70345
Thane,4,1531,5.0,Semi-Furnished,0,88503
Goregaon,1,300,1.0,Fully-Furnished,0,22623
Andheri,1,336,1.0,Fully-Furnished,1,26798
Goregaon,3,972,2.0,Unfurnished,1,54473
Malad,2,741,3.0,Fully-Furnished,0,55315
Andheri,1,328,2.0,Unfurnished,0,21907
Malad,2,779,2.0,Unfurnished,1,43889
Chembur,2,844,3.0,Fully-Furnished,1,64082
Dadar,2,709,2.0,Fully-Furnished,1,84895
Goregaon,1,484,2.0,Unfurnished,0,26354
Powai,1,391,1.0,Unfurnished,0,28670
Malad,3,1053,3.0,Semi-Furnished,0,61080
Malad,1,329,,Fully-Furnished,1,20711
Chembur,2,601,3.0,Semi-Furnished,1,37834
Powai,2,834,3.0,Semi-Furnished,1,71512
Dadar,2,752,2.0,Unfurnished,1,59749
Bandra,2,649,3.0,Semi-Furnished,1,75967
Kandivali,1,347,1.0,Unfurnished,1,21390
Chembur,2,645,1.0,Unfurnished,1,38478
Bandra,3,1051,4.0,Unfurnished,1,104896
Kandivali,1,356,1.0,Semi-Furnished,0,18243
Thane,1,470,2.0,Unfurnished,1,26275
Thane,2,819,3.0,Fully-Furnished,1,51060
Malad,1,323,1.0,Unfurnished,0,16378
Kandivali,1,339,1.0,Unfurnished,0,16154
Powai,1,361,1.0,Semi-Furnished,0,31778
Bandra,2,614,2.0,Unfurnished,1,62660
Kandivali,3,1018,3.0,Semi-Furnished,1,57882
Thane,4,1464,4.0,Fully-Furnished,1,79536
Bandra,1,364,1.0,Unfurnished,1,37694
Dadar,3,1101,2.0,Semi-Furnished,1,98116
Bandra,4,1480,3.0,Unfurnished,0,139196
Dadar,3,1122,2.0,Fully-Furnished,1,121698
Andheri,1,336,1.0,Semi-Furnished,1,25225
Thane,2,876,3.0,Unfurnished,0,44773
Kandivali,2,736,2.0,Semi-Furnished,1,40092
Kandivali,4,1407,4.0,Semi-Furnished,1,74610
Borivali,3,1029,3.0,Unfurnished,0,52110
Malad,1,381,1.0,Unfurnished,0,18118
Powai,2,720,2.0,Unfurnished,1,55473
Goregaon,2,656,2.0,Unfurnished,1,39871
Kandivali,4,1334,4.0,Semi-Furnished,0,74942
Kandivali,1,553,1.0,Unfurnished,1,29665
Kandivali,2,714,1.0,Unfurnished,1,37601
Bandra,3,1084,2.0,Unfurnished,1,112153
Andheri,2,664,3.0,Fully-Furnished,0,51061
Andheri,1,300,1.0,Semi-Furnished,0,19893
Goregaon,2,635,2.0,Semi-Furnished,1,45857
Borivali,2,731,2.0,Semi-Furnished,0,42705
Dadar,1,300,1.0,Semi-Furnished,1,29817
Bandra,3,1065,4.0,Fully-Furnished,1,128055
Malad,1,300,1.0,Fully-Furnished,1,21491
Andheri,4,1243,4.0,Semi-Furnished,1,84669
Goregaon,1,300,1.0,Fully-Furnished,0,18262
Chembur,3,962,2.0,Semi-Furnished,1,60501
Andheri,3,1235,3.0,Fully-Furnished,1,99099
Thane,3,1106,3.0,Unfurnished,0,55204
Bandra,2,602,1.0,Unfurnished,1,56677
Borivali,4,1429,5.0,Fully-Furnished,0,96991
Andheri,1,314,2.0,Semi-Furnished,1,27411
Powai,3,1009,2.0,Unfurnished,0,75362
Powai,2,704,1.0,Semi-Furnished,1,61417
Andheri,4,1597,4.0,Fully-Furnished,0,119856
Powai,2,670,3.0,Semi-Furnished,1,56788
Dadar,1,317,2.0,Unfurnished,1,32022
Bandra,2,703,2.0,Unfurnished,0,67167
Powai,1,343,1.0,Unfurnished,1,25555
Goregaon,2,643,2.0,Semi-Furnished,0,41934
Dadar,2,641,3.0,Unfurnished,1,56669
Malad,2,590,2.0,Semi-Furnished,1,36158
Borivali,3,1003,3.0,Fully-Furnished,1,51918
Borivali,1,300,1.0,Fully-Furnished,1,20892
Thane,3,1048,3.0,Unfurnished,1,53505
Thane,3,1047,4.0,Fully-Furnished,0,58516
Bandra,2,590,2.0,Unfurnished,1,53311
Andheri,4,1346,3.0,Fully-Furnished,0,110774
Andheri,3,1222,3.0,Unfurnished,1,73457
Andheri,2,702,2.0,Unfurnished,1,43204
Borivali,3,1020,4.0,Unfurnished,0,52510
Dadar,3,942,3.0,Fully-Furnished,1,98754
Powai,1,444,2.0,Semi-Furnished,0,40762
Andheri,2,748,2.0,Semi-Furnished,0,55764
Dadar,2,751,2.0,Semi-Furnished,1,80657
Kandivali,3,1166,3.0,Semi-Furnished,1,75394
Bandra,1,394,1.0,Unfurnished,1,39371
Kandivali,2,682,2.0,Unfurnished,1,36290
Kandivali,3,1036,2.0,Unfurnished,1,54643
Chembur,2,789,1.0,Fully-Furnished,0,50974
Bandra,1,301,1.0,Unfurnished,1,32194
Chembur,2,818,1.0,Semi-Furnished,0,47597
Powai,1,363,1.0,Fully-Furnished,0,32925
Kandivali,2,747,2.0,Fully-Furnished,0,49606
Kandivali,3,1137,3.0,Semi-Furnished,0,59715
Goregaon,2,831,2.0,Fully-Furnished,0,66357
Andheri,1,416,2.0,Unfurnished,0,28381
Borivali,2,614,2.0,Semi-Furnished,1,35897
Chembur,1,381,1.0,Semi-Furnished,0,22376
Malad,1,316,1.0,Semi-Furnished,1,18738
Powai,1,473,,Unfurnished,1,44602
Bandra,2,620,3.0,Unfurnished,1,66036
Malad,1,356,1.0,Unfurnished,0,20213
Borivali,1,303,2.0,Semi-Furnished,1,20010
Malad,2,848,3.0,Unfurnished,1,43143
Borivali,2,599,1.0,Fully-Furnished,0,36573
Andheri,2,834,2.0,Unfurnished,1,55589
Kandivali,3,1003,4.0,Unfurnished,1,50111
Kandivali,4,1472,4.0,Semi-Furnished,1,92990
Andheri,3,1012,2.0,Fully-Furnished,1,77325
Dadar,1,420,1.0,Unfurnished,1,36252
Kandivali,3,992,4.0,Unfurnished,0,50862
Kandivali,2,594,2.0,Unfurnished,1,30595
Bandra,3,964,4.0,Fully-Furnished,0,121213
Chembur,2,763,2.0,Unfurnished,0,39361
Powai,4,1270,3.0,Unfurnished,1,107504
Kandivali,1,387,2.0,Unfurnished,1,26114
Kandivali,2,719,2.0,Unfurnished,1,42501
Andheri,2,732,1.0,Semi-Furnished,1,47460
Powai,3,993,4.0,Unfurnished,1,80925
Powai,1,300,1.0,Fully-Furnished,1,32703
Dadar,3,934,2.0,Semi-Furnished,0,90282
Goregaon,2,729,2.0,Unfurnished,1,46659
Chembur,2,801,2.0,Semi-Furnished,1,50174
Bandra,1,300,2.0,Semi-Furnished,0,33610
Goregaon,2,795,2.0,Unfurnished,1,46856
Bandra,1,428,1.0,Semi-Furnished,1,49831
Bandra,1,553,1.0,Unfurnished,1,54964
Thane,2,641,3.0,Unfurnished,1,34626
Borivali,4,1421,3.0,Semi-Furnished,0,75106
Malad,4,1331,3.0,Semi-Furnished,1,79556
Goregaon,3,1008,3.0,Unfurnished,1,52789
Dadar,4,1422,3.0,Semi-Furnished,1,133771
Goregaon,2,803,3.0,Semi-Furnished,0,49589
Chembur,1,302,1.0,Unfurnished,1,21851
Kandivali,2,855,1.0,Fully-Furnished,1,47558
Powai,1,310,1.0,Semi-Furnished,0,27361
Borivali,1,419,1.0,Unfurnished,0,19566
Powai,3,1166,4.0,Fully-Furnished,1,111305
Powai,1,372,1.0,Semi-Furnished,1,35424
Bandra,2,788,3.0,Unfurnished,1,78750
Dadar,1,317,1.0,Unfurnished,1,29719
Powai,4,1443,5.0,Unfurnished,1,121601
Goregaon,2,657,2.0,Semi-Furnished,0,42601
Thane,2,682,3.0,Semi-Furnished,0,36147
Thane,2,784,3.0,Unfurnished,1,37449
Bandra,3,1122,3.0,Semi-Furnished,1,124437
Andheri,2,569,2.0,Fully-Furnished,1,45424
Thane,2,694,1.0,Unfurnished,1,29717
Dadar,3,960,3.0,Fully-Furnished,1,106974
Chembur,4,1514,4.0,Unfurnished,1,86033
Dadar,2,873,2.0,Unfurnished,1,75893
Goregaon,2,650,1.0,Unfurnished,0,35172
Malad,1,315,1.0,Semi-Furnished,1,19388
Powai,1,300,2.0,Semi-Furnished,1,31090
Andheri,1,325,1.0,Semi-Furnished,0,21334
Kandivali,2,687,1.0,Unfurnished,1,37406
Thane,2,786,1.0,Semi-Furnished,0,38770
Andheri,2,746,1.0,Semi-Furnished,1,52707
Andheri,3,1061,3.0,Unfurnished,1,64934
Andheri,2,628,3.0,Semi-Furnished,1,46171
Kandivali,2,657,1.0,Semi-Furnished,1,41869
Kandivali,2,675,2.0,Unfurnished,1,35884
Malad,3,1075,3.0,Semi-Furnished,1,72153
Kandivali,4,1354,3.0,Semi-Furnished,1,80568
Thane,3,1197,3.0,Semi-Furnished,1,59831
Bandra,2,875,1.0,Semi-Furnished,0,82851
Kandivali,2,693,3.0,Unfurnished,0,36097
Thane,2,687,2.0,Semi-Furnished,1,38916
Andheri,1,358,2.0,Unfurnished,1,27842
Andheri,1,300,1.0,Unfurnished,0,19129
Kandivali,2,632,1.0,Unfurnished,1,32273
Thane,4,1455,5.0,Fully-Furnished,1,85939
Dadar,1,348,1.0,Semi-Furnished,1,36672
Borivali,2,614,2.0,Unfurnished,1,30783
Thane,4,1241,5.0,Semi-Furnished,1,72714
Bandra,2,723,1.0,Fully-Furnished,1,94380
Borivali,2,697,3.0,Fully-Furnished,0,42223
Thane,2,652,2.0,Unfurnished,1,28222
Thane,3,1099,4.0,Fully-Furnished,1,65528
Kandivali,4,1490,4.0,Unfurnished,1,77280
Andheri,2,866,3.0,Semi-Furnished,1,56835
Powai,3,874,3.0,Fully-Furnished,1,77284
Powai,1,443,2.0,Unfurnished,0,34508
Powai,2,886,2.0,Semi-Furnished,1,77491
Malad,3,1126,3.0,Semi-Furnished,1,71357
Bandra,2,716,2.0,Unfurnished,1,80070
Chembur,4,1390,3.0,Semi-Furnished,0,84185
Chembur,4,1437,3.0,Fully-Furnished,1,105953
Chembur,2,623,3.0,Semi-Furnished,0,44212
Powai,2,787,3.0,Unfurnished,1,71960
Malad,2,700,2.0,Unfurnished,1,36297
Bandra,1,300,2.0,Fully-Furnished,1,38394
Borivali,4,1466,3.0,Semi-Furnished,1,78382
Andheri,2,704,1.0,Semi-Furnished,1,49815
Andheri,3,1039,4.0,Semi-Furnished,0,78571
Bandra,1,417,2.0,Unfurnished,1,45234
Dadar,1,300,1.0,Unfurnished,1,30275
Chembur,2,649,3.0,Semi-Furnished,1,44892
Chembur,3,981,3.0,Fully-Furnished,0,75821
Goregaon,3,1132,3.0,Fully-Furnished,1,75377
Malad,2,694,1.0,Fully-Furnished,1,51782
Borivali,1,391,1.0,Unfurnished,0,17840
Andheri,3,1229,2.0,Unfurnished,1,73423
Borivali,2,584,2.0,Semi-Furnished,1,28930
Goregaon,1,313,1.0,Semi-Furnished,1,23495
Goregaon,3,1133,2.0,Fully-Furnished,1,77199
Bandra,2,711,2.0,Unfurnished,1,69300
Powai,3,1091,2.0,Unfurnished,1,87852
Thane,4,1440,4.0,Semi-Furnished,1,80866
Malad,2,693,2.0,Fully-Furnished,0,44964
Kandivali,3,1134,3.0,Unfurnished,0,54489
Malad,1,403,1.0,Unfurnished,1,23572
Thane,2,632,1.0,Unfurnished,0,30253
Thane,2,753,3.0,Unfurnished,0,38355
Chembur,1,300,2.0,Semi-Furnished,0,19639
Kandivali,2,870,2.0,Fully-Furnished,0,55635
Goregaon,1,411,1.0,Semi-Furnished,1,29290
Powai,1,389,1.0,Unfurnished,1,34262
Andheri,2,681,3.0,Semi-Furnished,0,50031
Bandra,3,1049,2.0,Semi-Furnished,0,117785
Bandra,2,644,2.0,Semi-Furnished,0,76043
Malad,4,1422,4.0,Semi-Furnished,0,90634
Malad,2,735,3.0,Semi-Furnished,0,44675
Dadar,4,1403,4.0,Semi-Furnished,1,140907
Borivali,1,363,2.0,Fully-Furnished,1,25588
Bandra,3,1092,3.0,Fully-Furnished,0,132162
Chembur,3,965,3.0,Semi-Furnished,0,58309
Chembur,3,1074,2.0,Unfurnished,1,66255
Kandivali,3,1054,4.0,Unfurnished,1,52061
Goregaon,2,979,2.0,Unfurnished,1,48461
Thane,1,343,1.0,Unfurnished,1,17362
Dadar,2,552,1.0,Unfurnished,0,53031
Dadar,1,300,1.0,Unfurnished,1,28564
Malad,3,926,3.0,Semi-Furnished,0,61691
Powai,2,762,2.0,Fully-Furnished,1,73744
Dadar,3,1059,2.0,Semi-Furnished,0,107829
Powai,2,707,2.0,Unfurnished,1,55238
Thane,2,647,3.0,Unfurnished,1,37300
Borivali,1,379,1.0,Unfurnished,1,20161
Goregaon,2,686,1.0,Fully-Furnished,0,43882
Malad,1,429,1.0,Semi-Furnished,1,25824
Malad,3,963,2.0,Semi-Furnished,0,61457
Thane,3,1012,3.0,Unfurnished,1,51596
Dadar,4,1352,3.0,Unfurnished,1,130474
Borivali,2,633,2.0,Semi-Furnished,0,36048
Kandivali,2,738,2.0,Semi-Furnished,1,42924
Malad,3,982,2.0,Fully-Furnished,1,66998
Chembur,1,316,1.0,Fully-Furnished,0,24222
Malad,2,784,2.0,Semi-Furnished,1,49566
Andheri,2,736,3.0,Fully-Furnished,0,56131
Dadar,1,388,1.0,Semi-Furnished,0,40519
Powai,3,1233,2.0,Semi-Furnished,1,118789
Malad,1,364,1.0,Unfurnished,0,19183
Chembur,3,987,3.0,Semi-Furnished,1,64784
Borivali,4,1405,4.0,Unfurnished,0,65919
Andheri,4,1480,3.0,Unfurnished,1,90707
Bandra,2,610,2.0,Unfurnished,1,67254
Andheri,2,789,2.0,Fully-Furnished,1,68887
Chembur,4,1433,3.0,Fully-Furnished,0,99032
Kandivali,1,471,1.0,Semi-Furnished,0,24606
Andheri,2,633,1.0,Semi-Furnished,1,42428
Chembur,3,1057,3.0,Unfurnished,1,64078
Dadar,2,715,3.0,Unfurnished,1,61962
Thane,1,445,2.0,Semi-Furnished,1,27776
Bandra,3,1094,3.0,Fully-Furnished,1,138759
Goregaon,1,300,1.0,Unfurnished,1,20938
Andheri,1,410,2.0,Semi-Furnished,1,34448
Andheri,2,633,3.0,Semi-Furnished,1,51387
Dadar,2,839,1.0,Semi-Furnished,1,88475
Chembur,3,972,3.0,Semi-Furnished,1,55529
Bandra,2,761,2.0,Fully-Furnished,1,92459
Chembur,1,463,2.0,Fully-Furnished,0,35236
Kandivali,2,747,2.0,Unfurnished,1,38233
Malad,3,1129,3.0,Semi-Furnished,1,65299
Dadar,2,730,2.0,Fully-Furnished,0,77075
Kandivali,1,352,1.0,Semi-Furnished,0,17179
Andheri,3,1189,2.0,Fully-Furnished,0,83311
Thane,3,1114,3.0,Unfurnished,0,54051
Dadar,4,1549,3.0,Unfurnished,1,115736
Dadar,3,1010,3.0,Fully-Furnished,0,115345
Kandivali,2,627,1.0,Unfurnished,1,31310
Powai,3,1074,2.0,Semi-Furnished,1,78282
Borivali,2,682,1.0,Unfurnished,1,34054
Dadar,1,358,1.0,Semi-Furnished,0,38799
Kandivali,3,1075,3.0,Unfurnished,1,53295
Borivali,1,300,1.0,Semi-Furnished,1,17876
Goregaon,2,807,2.0,Semi-Furnished,1,42164
Bandra,2,878,1.0,Semi-Furnished,0,100918
Andheri,2,691,3.0,Semi-Furnished,0,51553
Thane,3,1137,3.0,Semi-Furnished,0,61366
Andheri,3,977,2.0,Semi-Furnished,1,76341
Goregaon,3,1134,2.0,Fully-Furnished,1,82135
Powai,1,371,1.0,Unfurnished,1,26612
Powai,1,490,1.0,Fully-Furnished,0,42916
Chembur,3,1117,4.0,Fully-Furnished,1,69514
Andheri,1,446,1.0,Unfurnished,1,28030
Kandivali,2,649,3.0,Semi-Furnished,1,37111
Dadar,2,771,2.0,Fully-Furnished,1,93620
Bandra,3,1033,4.0,Unfurnished,0,101923
Goregaon,2,814,3.0,Fully-Furnished,1,49462
Kandivali,3,985,4.0,Unfurnished,1,60070
Kandivali,4,1443,5.0,Fully-Furnished,1,104333
Thane,2,692,1.0,Semi-Furnished,1,33391
Chembur,2,639,2.0,Fully-Furnished,1,45591
Andheri,2,686,2.0,Semi-Furnished,1,45527
Malad,2,805,1.0,Unfurnished,0,41747
Thane,3,1087,3.0,Unfurnished,1,47909
Dadar,2,759,1.0,Semi-Furnished,0,75592
Malad,1,323,1.0,Semi-Furnished,1,21494
Malad,2,705,2.0,Fully-Furnished,1,42838
Malad,1,409,1.0,Unfurnished,0,21768
Dadar,4,1595,5.0,Semi-Furnished,0,141697
Dadar,3,1026,3.0,Unfurnished,1,98627
Powai,1,300,1.0,Fully-Furnished,1,33825
Powai,4,1259,4.0,Semi-Furnished,1,98867
Powai,2,634,3.0,Semi-Furnished,1,64449
Bandra,2,582,2.0,Semi-Furnished,1,66314
Malad,3,1105,3.0,Fully-Furnished,1,81327
Borivali,3,1008,3.0,Semi-Furnished,1,57527
Kandivali,2,760,1.0,Unfurnished,1,40573
Malad,2,750,2.0,Unfurnished,1,40559
Borivali,1,300,2.0,Fully-Furnished,1,18952
Chembur,4,1417,,Unfurnished,1,86868
Kandivali,3,1065,4.0,Unfurnished,1,54473
Andheri,2,609,1.0,Fully-Furnished,1,50482
Thane,3,1001,2.0,Semi-Furnished,1,50490
Chembur,4,1364,5.0,Unfurnished,1,83583
Andheri,3,1024,3.0,Unfurnished,0,66752
Kandivali,1,300,1.0,Unfurnished,1,17413
Dadar,4,1263,5.0,Unfurnished,1,110829
Chembur,1,300,1.0,Unfurnished,1,17730
Kandivali,3,1016,3.0,Fully-Furnished,0,60522
Malad,2,745,3.0,Unfurnished,1,36771
Kandivali,2,727,3.0,Unfurnished,1,37642
Andheri,2,773,2.0,Unfurnished,1,47610
Malad,3,1196,4.0,Semi-Furnished,0,73226
Borivali,3,955,3.0,Semi-Furnished,1,52520
Malad,3,1126,3.0,Unfurnished,1,58626
Goregaon,2,703,1.0,Semi-Furnished,1,47368
Malad,1,300,2.0,Unfurnished,0,18558
Chembur,1,300,1.0,Semi-Furnished,1,20233
Malad,4,1311,4.0,Unfurnished,1,72091
Andheri,3,901,4.0,Semi-Furnished,0,68273
Thane,3,982,2.0,Semi-Furnished,1,48766
Andheri,2,649,1.0,Semi-Furnished,0,44873
Chembur,2,625,2.0,Fully-Furnished,1,44803
Thane,2,651,2.0,Fully-Furnished,1,41623
Borivali,4,1516,4.0,Unfurnished,0,69174
Thane,1,300,1.0,Fully-Furnished,1,20768
Thane,1,354,2.0,Fully-Furnished,1,23259
Powai,3,998,4.0,Semi-Furnished,0,80381
Goregaon,1,367,1.0,Fully-Furnished,1,27967
Borivali,1,300,1.0,Fully-Furnished,1,21722
Chembur,2,707,1.0,Unfurnished,1,44555
Chembur,1,357,1.0,Semi-Furnished,1,24924
Malad,3,1119,3.0,Semi-Furnished,1,63796
Malad,2,770,2.0,Fully-Furnished,0,54439
Chembur,2,701,3.0,Unfurnished,1,44250
Dadar,1,310,2.0,Semi-Furnished,0,30350
Goregaon,4,1294,4.0,Fully-Furnished,1,96972
Kandivali,4,1384,3.0,Semi-Furnished,1,86850
Bandra,3,1151,4.0,Unfurnished,1,108918
Andheri,2,711,1.0,Semi-Furnished,1,49563
Malad,1,300,1.0,Semi-Furnished,0,17572
Dadar,3,1142,3.0,Semi-Furnished,1,126086
Borivali,3,1202,3.0,Semi-Furnished,1,69786
Dadar,1,387,1.0,Unfurnished,0,34646
Thane,1,361,1.0,Semi-Furnished,1,19689
Borivali,1,300,1.0,Unfurnished,1,17796
Goregaon,1,300,1.0,Unfurnished,0,17795
Andheri,2,744,1.0,Unfurnished,1,42080
Kandivali,3,1042,2.0,Fully-Furnished,0,70688
Andheri,2,578,2.0,Semi-Furnished,0,32554
Chembur,3,1017,2.0,Unfurnished,0,61441
Malad,3,1038,3.0,Unfurnished,1,53224
Dadar,1,445,2.0,Semi-Furnished,1,50802
Borivali,2,721,2.0,Unfurnished,1,34914
Powai,2,525,3.0,Unfurnished,0,46712
Andheri,3,1044,4.0,Semi-Furnished,1,78103
Thane,1,300,1.0,Unfurnished,1,16042
Dadar,2,578,3.0,Fully-Furnished,0,67165
Borivali,1,368,1.0,Unfurnished,0,18826
Malad,2,641,3.0,Semi-Furnished,1,45999
Borivali,3,1146,3.0,Unfurnished,1,58198
Malad,2,695,3.0,Unfurnished,1,43168
Malad,2,692,1.0,Unfurnished,1,37716
Chembur,3,1039,4.0,Semi-Furnished,1,71992
Kandivali,1,481,1.0,Semi-Furnished,0,28167
Goregaon,1,300,1.0,Semi-Furnished,1,21454
Goregaon,1,325,1.0,Fully-Furnished,1,22396
Kandivali,2,663,2.0,Unfurnished,0,31893
Thane,4,1313,4.0,Fully-Furnished,1,74262
Kandivali,4,1368,4.0,Unfurnished,0,63367
Kandivali,4,1344,4.0,Unfurnished,1,76340
Dadar,4,1261,4.0,Semi-Furnished,1,127968
Borivali,2,692,2.0,Unfurnished,0,32626
Andheri,1,341,1.0,Semi-Furnished,0,22030
Borivali,1,300,1.0,Semi-Furnished,1,18123
Dadar,1,456,1.0,Fully-Furnished,1,52316
Goregaon,2,607,3.0,Unfurnished,1,33020
Powai,3,1092,2.0,Unfurnished,0,75873
Dadar,1,374,2.0,Semi-Furnished,1,37295
Goregaon,2,737,2.0,Semi-Furnished,0,51121
Bandra,1,369,2.0,Fully-Furnished,1,38481
Powai,2,667,1.0,Fully-Furnished,1,68517
Kandivali,2,757,3.0,Semi-Furnished,0,38030
Chembur,3,1167,3.0,Semi-Furnished,0,74358
Andheri,3,1103,3.0,Semi-Furnished,1,73518
Powai,1,313,1.0,Fully-Furnished,1,34583
Andheri,3,912,3.0,Unfurnished,0,65036
Kandivali,3,1099,2.0,Semi-Furnished,0,54615
Malad,1,435,1.0,Unfurnished,1,24623
Kandivali,2,620,2.0,Unfurnished,0,31744
Bandra,3,1172,3.0,Semi-Furnished,0,124799
Bandra,3,1064,2.0,Unfurnished,1,110572
Thane,2,750,3.0,Unfurnished,1,37854
Dadar,3,922,2.0,Semi-Furnished,1,96155
Powai,2,681,1.0,Semi-Furnished,1,59483
Borivali,1,300,1.0,Fully-Furnished,0,20157
Andheri,3,1068,2.0,Fully-Furnished,1,86951
Andheri,1,396,1.0,Unfurnished,1,22776
Chembur,3,1156,3.0,Unfurnished,1,68367
Goregaon,2,609,3.0,Unfurnished,1,37567
Chembur,2,692,2.0,Unfurnished,0,42309
Andheri,2,721,3.0,Unfurnished,1,51718
Powai,3,1065,4.0,Fully-Furnished,1,99028
Malad,4,1409,3.0,Unfurnished,0,71042
Dadar,2,649,3.0,Unfurnished,1,63398
Powai,2,789,3.0,Semi-Furnished,1,81783
Powai,2,576,2.0,Unfurnished,1,48174
Bandra,2,612,2.0,Semi-Furnished,0,70586
Powai,3,1177,4.0,Unfurnished,1,97142
Dadar,1,390,1.0,Fully-Furnished,1,50023
Thane,2,617,2.0,Semi-Furnished,1,37624
Borivali,2,754,2.0,Fully-Furnished,0,45098
Goregaon,2,685,3.0,Unfurnished,0,38017
Andheri,1,339,1.0,Semi-Furnished,1,27266
Thane,2,657,2.0,Semi-Furnished,1,36886
Andheri,4,1393,4.0,Semi-Furnished,0,87792
Dadar,2,738,3.0,Semi-Furnished,0,67909
Kandivali,1,340,1.0,Semi-Furnished,0,18705
Powai,2,859,3.0,Fully-Furnished,1,87465
Powai,1,507,1.0,Semi-Furnished,0,38149
Borivali,2,650,2.0,Semi-Furnished,1,34922
Bandra,2,747,2.0,Fully-Furnished,1,86427
Malad,3,1041,2.0,Semi-Furnished,1,58380
Goregaon,3,1081,3.0,Unfurnished,1,59285
Thane,1,378,1.0,Semi-Furnished,1,19224
Thane,1,332,1.0,Unfurnished,0,15487
Andheri,3,1028,3.0,Semi-Furnished,1,65876
Chembur,2,735,1.0,Semi-Furnished,0,48102
Borivali,2,745,1.0,Unfurnished,1,33503
Thane,2,711,2.0,Semi-Furnished,1,43173
Borivali,2,668,3.0,Unfurnished,1,35497
Malad,2,509,2.0,Unfurnished,1,29196
Powai,1,360,1.0,Fully-Furnished,0,32968
Thane,1,364,1.0,Semi-Furnished,0,17047
Chembur,2,568,1.0,Unfurnished,1,34183
Thane,4,1373,4.0,Unfurnished,1,62178
Goregaon,1,441,1.0,Semi-Furnished,0,24871
Andheri,1,354,2.0,Unfurnished,1,26345
Thane,1,389,1.0,Semi-Furnished,0,19180
Bandra,2,779,2.0,Unfurnished,1,79402
Malad,3,1234,3.0,Fully-Furnished,0,77595
Malad,1,301,2.0,Semi-Furnished,1,22394
Dadar,3,1062,3.0,Semi-Furnished,1,101972
Malad,2,712,3.0,Semi-Furnished,1,44404
Chembur,1,303,2.0,Semi-Furnished,1,21080
Bandra,2,691,2.0,Unfurnished,0,61362
Chembur,3,1046,3.0,Unfurnished,1,61106
Goregaon,3,946,4.0,Semi-Furnished,1,60237
Borivali,2,625,2.0,Unfurnished,1,34571
Goregaon,1,328,1.0,Fully-Furnished,0,21682
Powai,1,300,1.0,Fully-Furnished,0,28704
Andheri,3,1124,3.0,Semi-Furnished,1,79757
Goregaon,3,1061,3.0,Unfurnished,0,61808
Chembur,1,391,1.0,Semi-Furnished,0,21262
Goregaon,1,300,2.0,Unfurnished,1,20534
Dadar,2,785,3.0,Unfurnished,0,72230
Goregaon,3,1234,3.0,Fully-Furnished,1,76481
Dadar,4,1322,5.0,Semi-Furnished,0,139112
Goregaon,1,300,2.0,Fully-Furnished,1,22621
Bandra,3,1064,4.0,Semi-Furnished,1,123526
Kandivali,3,1110,3.0,Unfurnished,0,60498
Bandra,4,1554,4.0,Semi-Furnished,0,154420
Bandra,1,432,1.0,Semi-Furnished,0,41468
Chembur,3,999,3.0,Fully-Furnished,0,76692
Malad,2,678,2.0,Unfurnished,0,36661
Dadar,2,762,2.0,Fully-Furnished,1,85529
Goregaon,4,1368,4.0,Semi-Furnished,1,84634
Powai,2,698,3.0,Unfurnished,1,56837
Chembur,3,1125,3.0,Unfurnished,1,62508
Chembur,3,1094,3.0,Unfurnished,1,62548
Andheri,2,671,1.0,Fully-Furnished,1,56614
Andheri,1,357,1.0,Semi-Furnished,1,29841
Powai,3,1147,3.0,Unfurnished,0,94287
Dadar,1,424,1.0,Unfurnished,0,35852
Bandra,2,626,2.0,Fully-Furnished,0,72597
Chembur,2,733,2.0,Unfurnished,1,43770
Bandra,1,309,2.0,Semi-Furnished,0,35046
Chembur,2,490,1.0,Semi-Furnished,1,29718
Thane,2,734,2.0,Semi-Furnished,0,40212
Bandra,4,1497,3.0,Fully-Furnished,1,193149
Dadar,1,439,1.0,Semi-Furnished,0,36138
Goregaon,2,554,2.0,Unfurnished,0,31830
Andheri,3,1040,4.0,Unfurnished,0,69631
Andheri,3,1041,3.0,Semi-Furnished,1,71286
Borivali,3,1074,3.0,Unfurnished,1,56253
Kandivali,1,303,1.0,Fully-Furnished,0,20942
Andheri,3,1131,2.0,Semi-Furnished,0,74154
Kandivali,1,307,2.0,Unfurnished,1,20914
Malad,1,368,1.0,Unfurnished,1,19105
Malad,4,1449,4.0,Unfurnished,1,81498
Bandra,2,616,1.0,Fully-Furnished,1,70188
Powai,2,714,1.0,Unfurnished,1,60541
Thane,3,1070,4.0,Unfurnished,0,50927
Dadar,4,1386,4.0,Semi-Furnished,1,138207
Dadar,3,1220,3.0,Unfurnished,0,95802
Thane,3,969,2.0,Unfurnished,1,52524
Malad,3,1000,3.0,Unfurnished,1,52387
Kandivali,3,1113,3.0,Fully-Furnished,0,72398
Borivali,3,1240,4.0,Fully-Furnished,0,76515
Powai,1,444,1.0,Fully-Furnished,1,45773
Dadar,2,622,2.0,Semi-Furnished,1,60985
Andheri,2,705,2.0,Semi-Furnished,1,51185
Goregaon,2,764,3.0,Semi-Furnished,1,52964
Bandra,2,493,1.0,Semi-Furnished,0,55106
Kandivali,2,711,2.0,Unfurnished,0,34816
Chembur,1,307,1.0,Fully-Furnished,1,23701
Chembur,2,725,2.0,Unfurnished,0,46024
Andheri,1,300,1.0,Unfurnished,0,17035
Dadar,2,650,1.0,Unfurnished,1,57944
Thane,3,1047,3.0,Unfurnished,1,48238
Bandra,3,905,4.0,Fully-Furnished,0,117085
Andheri,3,1145,2.0,Semi-Furnished,0,73557
Dadar,3,1023,2.0,Unfurnished,0,94564
Kandivali,2,880,3.0,Unfurnished,1,44977
Kandivali,1,430,1.0,Unfurnished,0,20153
Dadar,3,1043,3.0,Unfurnished,1,96507
Andheri,3,1022,3.0,Semi-Furnished,1,64281
Chembur,1,426,2.0,Semi-Furnished,1,30822
Powai,2,762,2.0,Semi-Furnished,0,66746
Malad,2,728,1.0,Unfurnished,1,41164
Powai,2,743,2.0,Unfurnished,1,60778
Thane,3,1224,2.0,Unfurnished,1,59234
Chembur,2,789,3.0,Semi-Furnished,0,51345
Borivali,3,1053,3.0,Semi-Furnished,1,62210
Andheri,1,374,2.0,Unfurnished,0,21319
Bandra,2,727,1.0,Unfurnished,0,69348
Kandivali,2,745,2.0,Unfurnished,0,35004
Bandra,2,719,2.0,Fully-Furnished,0,75028
Dadar,1,503,1.0,Semi-Furnished,1,46881
Bandra,1,330,1.0,Unfurnished,1,36262
Malad,3,1117,3.0,Unfurnished,1,57908
Bandra,1,444,1.0,Semi-Furnished,1,45119
Borivali,2,639,1.0,Semi-Furnished,1,35243
Kandivali,1,476,2.0,Fully-Furnished,1,32874
Borivali,1,444,1.0,Unfurnished,1,22803
Dadar,2,834,2.0,Unfurnished,1,83235
Thane,1,477,2.0,Fully-Furnished,1,32130
Powai,1,300,2.0,Fully-Furnished,0,29731
Chembur,1,300,1.0,Unfurnished,0,17713
Kandivali,2,721,2.0,Unfurnished,1,37597
Thane,2,718,2.0,Fully-Furnished,0,40182
Borivali,2,659,1.0,Semi-Furnished,0,37944
Dadar,2,668,2.0,Semi-Furnished,1,63261
Powai,2,745,1.0,Unfurnished,1,54806
Thane,4,1270,3.0,Fully-Furnished,0,71847
Borivali,4,1431,4.0,Unfurnished,1,74308
Thane,2,700,1.0,Fully-Furnished,1,39727
Chembur,1,300,1.0,Unfurnished,1,15552
Dadar,2,744,1.0,Fully-Furnished,0,72694
Goregaon,1,300,1.0,Unfurnished,0,14980
Dadar,4,1389,4.0,Unfurnished,1,119909
Powai,2,736,2.0,Unfurnished,0,59143
Goregaon,2,610,2.0,Semi-Furnished,0,37707
Dadar,2,598,2.0,Unfurnished,1,54462
Chembur,2,834,2.0,Unfurnished,0,49969
Dadar,2,677,2.0,Fully-Furnished,0,74837
Bandra,3,876,2.0,Fully-Furnished,1,105007
Dadar,4,1382,4.0,Semi-Furnished,0,116334
Goregaon,4,1323,3.0,Semi-Furnished,1,80602
Kandivali,3,998,4.0,Unfurnished,1,55235
Andheri,2,665,2.0,Unfurnished,1,45996
Dadar,3,926,4.0,Unfurnished,1,84123
Bandra,2,699,1.0,Unfurnished,1,69880
Kandivali,3,1072,3.0,Semi-Furnished,1,60106
Andheri,1,311,1.0,Semi-Furnished,1,24252
Powai,3,1037,2.0,Fully-Furnished,0,105399
Malad,4,1394,5.0,Fully-Furnished,1,103615
Borivali,1,427,1.0,Unfurnished,1,22619
Malad,4,1444,3.0,Unfurnished,1,80012
Goregaon,2,634,1.0,Unfurnished,0,37099
Bandra,2,763,2.0,Fully-Furnished,1,82546
Powai,4,1403,3.0,Unfurnished,1,112958
Dadar,3,1083,3.0,Semi-Furnished,1,104098
Dadar,1,343,2.0,Semi-Furnished,1,36353
Goregaon,3,1064,3.0,Unfurnished,1,51668
Andheri,1,300,1.0,Unfurnished,1,22140
Malad,2,705,2.0,Semi-Furnished,1,43935
Bandra,3,1180,3.0,Unfurnished,0,118650
Goregaon,3,1110,4.0,Unfurnished,1,62967
Bandra,2,610,3.0,Unfurnished,0,65394
Chembur,1,356,1.0,Unfurnished,1,22561
Bandra,3,1226,2.0,Unfurnished,1,121261
Powai,2,720,2.0,Semi-Furnished,1,60739
Powai,1,338,1.0,Fully-Furnished,1,37719
Powai,1,304,1.0,Unfurnished,1,23758
Kandivali,2,640,1.0,Semi-Furnished,0,33371
Powai,1,300,1.0,Unfurnished,0,20037
Chembur,2,739,2.0,Unfurnished,1,45129
Dadar,2,712,1.0,Fully-Furnished,0,74608
Kandivali,2,791,2.0,Unfurnished,1,49116
Powai,2,768,2.0,Unfurnished,1,53087
Dadar,2,542,1.0,Unfurnished,1,48576
Bandra,2,612,1.0,Semi-Furnished,0,64696
Borivali,1,401,1.0,Semi-Furnished,1,24314
Andheri,3,1198,3.0,Fully-Furnished,0,98153
Bandra,2,690,2.0,Unfurnished,0,63319
Bandra,1,365,1.0,Fully-Furnished,1,43636
Goregaon,2,689,2.0,Fully-Furnished,1,52264
Kandivali,2,676,2.0,Unfurnished,1,32965
Borivali,3,1046,4.0,Unfurnished,1,56777
Malad,2,627,3.0,Semi-Furnished,1,37394
Andheri,3,1156,3.0,Semi-Furnished,0,85988
Andheri,4,1356,4.0,Unfurnished,0,84155
Kandivali,1,300,1.0,Fully-Furnished,0,16004
Dadar,2,671,2.0,Fully-Furnished,1,63953
Kandivali,3,977,3.0,Semi-Furnished,0,51234
Thane,1,349,1.0,Semi-Furnished,1,20657
Kandivali,2,641,2.0,Unfurnished,0,28509
Powai,2,897,2.0,Unfurnished,1,71386
Kandivali,3,1101,2.0,Unfurnished,0,55947
Borivali,2,705,3.0,Semi-Furnished,1,38556
Andheri,2,695,1.0,Semi-Furnished,1,49972
Borivali,3,1075,2.0,Unfurnished,0,53530
Goregaon,3,994,3.0,Unfurnished,0,55970
Powai,2,787,2.0,Semi-Furnished,1,65340
Malad,3,1013,2.0,Unfurnished,1,56422
Thane,1,300,1.0,Fully-Furnished,0,18217
Kandivali,2,753,2.0,Unfurnished,0,36090
Goregaon,2,697,3.0,Semi-Furnished,1,50076
Kandivali,1,300,1.0,Fully-Furnished,0,19000
Bandra,4,1452,5.0,Semi-Furnished,1,159083
Powai,2,685,1.0,Unfurnished,1,50034
Chembur,2,660,1.0,Unfurnished,0,39244
Dadar,3,938,3.0,Unfurnished,1,89060
Powai,3,1137,3.0,Semi-Furnished,0,104757
Kandivali,1,335,1.0,Fully-Furnished,1,23593
Dadar,2,562,2.0,Semi-Furnished,0,47863
Kandivali,4,1361,4.0,Unfurnished,1,83423
Bandra,3,1119,2.0,Semi-Furnished,0,110760
Bandra,1,306,1.0,Fully-Furnished,1,41574
Kandivali,1,413,1.0,Fully-Furnished,0,24731
Borivali,3,1166,3.0,Fully-Furnished,0,70253
Kandivali,1,302,2.0,Fully-Furnished,0,20568
Goregaon,2,702,1.0,Semi-Furnished,1,43554
Powai,3,1022,2.0,Semi-Furnished,1,87062
Bandra,1,336,1.0,Semi-Furnished,1,33173
Goregaon,3,963,3.0,Semi-Furnished,1,61271
Kandivali,2,668,3.0,Semi-Furnished,1,44057
Andheri,3,1076,3.0,Unfurnished,0,65720
Malad,2,538,1.0,Unfurnished,1,28347
Goregaon,4,1449,4.0,Semi-Furnished,1,84428
Chembur,3,1062,3.0,Semi-Furnished,1,71477
Kandivali,3,999,2.0,Semi-Furnished,0,56921
Borivali,2,660,2.0,Semi-Furnished,1,35210
Kandivali,2,647,2.0,Unfurnished,1,35617
Borivali,2,614,2.0,Fully-Furnished,1,39536
Malad,1,476,2.0,Unfurnished,1,28722
Kandivali,4,1429,4.0,Fully-Furnished,1,91616
Powai,1,300,1.0,Semi-Furnished,0,25568
Borivali,1,324,1.0,Fully-Furnished,1,20140
Powai,2,601,1.0,Semi-Furnished,1,56145
Goregaon,1,300,1.0,Semi-Furnished,1,21684
Bandra,1,314,2.0,Fully-Furnished,1,42198
Dadar,4,1435,5.0,Unfurnished,1,131789
Kandivali,4,1336,5.0,Unfurnished,0,68954
Borivali,4,1378,3.0,Unfurnished,1,73468
Goregaon,1,374,1.0,Unfurnished,1,21060
Goregaon,1,343,1.0,Fully-Furnished,1,25706
Andheri,4,1439,5.0,Semi-Furnished,1,106058
Thane,2,710,1.0,Unfurnished,1,31105
Powai,4,1403,4.0,Unfurnished,1,108100
Kandivali,1,300,1.0,Fully-Furnished,1,24559
Goregaon,2,692,1.0,Fully-Furnished,1,53355
Thane,3,963,3.0,Semi-Furnished,1,53960
Bandra,2,761,2.0,Semi-Furnished,1,80050
Thane,2,655,2.0,Semi-Furnished,1,37316
Dadar,2,746,1.0,Unfurnished,0,61542
Bandra,2,794,3.0,Unfurnished,0,74740
Goregaon,3,1012,4.0,Semi-Furnished,0,68883
Powai,1,432,1.0,Semi-Furnished,0,38397
Thane,4,1451,4.0,Semi-Furnished,1,77109
Thane,2,612,2.0,Unfurnished,1,24479
Goregaon,2,920,2.0,Fully-Furnished,1,62165
Bandra,2,678,1.0,Unfurnished,1,64658
Andheri,1,388,2.0,Unfurnished,0,21882
Thane,4,1288,3.0,Semi-Furnished,0,62921
Goregaon,1,464,1.0,Semi-Furnished,1,28580
Bandra,2,805,2.0,Fully-Furnished,1,98649
Kandivali,2,651,3.0,Unfurnished,1,34913
Kandivali,1,404,1.0,Unfurnished,1,21965
Goregaon,3,1019,2.0,Unfurnished,1,57490
Andheri,3,897,4.0,Semi-Furnished,1,66686
Thane,3,985,3.0,Semi-Furnished,1,53912
Malad,4,1493,4.0,Semi-Furnished,1,90490
Chembur,3,1005,3.0,Unfurnished,1,61754
Goregaon,4,1494,3.0,Semi-Furnished,1,105716
Borivali,1,343,2.0,Unfurnished,0,21111
Thane,2,494,2.0,Semi-Furnished,1,28504
Bandra,1,307,1.0,Unfurnished,1,32469
Powai,3,902,3.0,Semi-Furnished,0,82518
Borivali,1,300,2.0,Fully-Furnished,0,19289
Malad,2,704,2.0,Unfurnished,1,41310
Bandra,2,752,2.0,Unfurnished,1,80146
Dadar,3,1015,3.0,Semi-Furnished,0,101048
Thane,3,977,3.0,Unfurnished,0,48547
Thane,1,456,2.0,Unfurnished,1,21082
Kandivali,4,1365,5.0,Fully-Furnished,1,84014
Borivali,1,483,2.0,Semi-Furnished,0,27291
Kandivali,1,359,1.0,Unfurnished,0,17183
Chembur,1,315,2.0,Semi-Furnished,1,23468
Andheri,3,1205,2.0,Fully-Furnished,1,75556
Bandra,1,319,2.0,Semi-Furnished,1,40507
Goregaon,3,1148,4.0,Semi-Furnished,0,69855
Andheri,3,1089,3.0,Semi-Furnished,0,72200
Dadar,1,434,1.0,Semi-Furnished,0,41960
Goregaon,1,391,1.0,Fully-Furnished,1,28267
Powai,2,717,2.0,Unfurnished,1,55541
Borivali,2,655,2.0,Semi-Furnished,0,39091
Bandra,2,659,2.0,Semi-Furnished,1,79291
Goregaon,2,721,2.0,Semi-Furnished,0,39634
Chembur,3,998,3.0,Unfurnished,0,56545
Andheri,2,762,1.0,Unfurnished,1,48682
Malad,2,631,3.0,Unfurnished,0,34489
Dadar,4,1341,5.0,Semi-Furnished,1,136500
Dadar,3,1030,4.0,Semi-Furnished,1,110732
Borivali,2,706,2.0,Semi-Furnished,1,38769
Goregaon,2,712,3.0,Fully-Furnished,1,53701
Bandra,2,882,2.0,Semi-Furnished,1,87617
Andheri,3,951,4.0,Semi-Furnished,1,75691
Goregaon,1,408,2.0,Unfurnished,0,24472
Goregaon,2,724,3.0,Semi-Furnished,1,49154
Thane,3,1200,4.0,Fully-Furnished,1,67734
Kandivali,2,792,3.0,Semi-Furnished,1,48206
Andheri,2,730,3.0,Unfurnished,1,53219
Chembur,1,300,2.0,Unfurnished,1,19943
Borivali,2,673,3.0,Fully-Furnished,1,40486
Malad,4,1344,4.0,Semi-Furnished,0,77441
Thane,4,1338,4.0,Unfurnished,1,69599
Kandivali,3,1173,3.0,Semi-Furnished,1,67707
Kandivali,1,300,2.0,Unfurnished,1,19497
Borivali,1,300,2.0,Fully-Furnished,1,21265
Andheri,1,552,1.0,Semi-Furnished,1,38446
Malad,3,1201,2.0,Semi-Furnished,0,65952
Andheri,3,1132,3.0,Fully-Furnished,1,92325
Bandra,3,1108,4.0,Unfurnished,1,127889
Bandra,2,731,3.0,Semi-Furnished,1,81725
Borivali,1,327,1.0,Semi-Furnished,0,17704
Dadar,2,683,2.0,Unfurnished,1,65588
Borivali,1,328,,Semi-Furnished,0,19409
Goregaon,2,749,3.0,Fully-Furnished,1,53679
Borivali,1,379,1.0,Semi-Furnished,1,23880
Bandra,1,400,2.0,Semi-Furnished,1,44300
Thane,1,316,1.0,Fully-Furnished,0,20062
Chembur,2,699,2.0,Semi-Furnished,1,49721
Kandivali,4,1245,4.0,Semi-Furnished,0,74833
Andheri,2,685,1.0,Unfurnished,1,39759
Andheri,1,413,1.0,Semi-Furnished,0,29845
Dadar,4,1338,3.0,Semi-Furnished,1,120089
Dadar,2,743,1.0,Unfurnished,1,73128
Borivali,1,367,2.0,Unfurnished,1,20744
Chembur,2,670,2.0,Semi-Furnished,0,43156
Andheri,2,640,2.0,Unfurnished,1,38401
Andheri,3,1003,4.0,Fully-Furnished,1,79618
Chembur,2,563,2.0,Semi-Furnished,1,41844
Kandivali,1,407,1.0,Unfurnished,0,20495
Goregaon,1,300,1.0,Semi-Furnished,0,19465
Chembur,1,317,1.0,Fully-Furnished,1,20369
Kandivali,3,1092,3.0,Semi-Furnished,1,71445
Andheri,4,1578,3.0,Unfurnished,1,91246
Malad,1,478,2.0,Unfurnished,1,29101
Dadar,3,942,3.0,Unfurnished,0,81070
Chembur,2,604,2.0,Unfurnished,0,35376
Bandra,2,664,1.0,Fully-Furnished,1,88997
Malad,2,646,3.0,Fully-Furnished,0,46429
Chembur,3,1205,2.0,Unfurnished,1,74400
Malad,3,1091,3.0,Semi-Furnished,1,62785
Malad,2,748,3.0,Fully-Furnished,1,44075
Kandivali,3,1179,3.0,Unfurnished,1,63162
Kandivali,2,825,3.0,Unfurnished,1,46232
Andheri,3,978,4.0,Fully-Furnished,0,73390
Goregaon,2,665,2.0,Semi-Furnished,0,39814
Borivali,2,774,2.0,Fully-Furnished,1,49359
Andheri,2,790,2.0,Semi-Furnished,0,54253
Goregaon,2,735,1.0,Fully-Furnished,0,45470
Chembur,4,1486,3.0,Semi-Furnished,1,95095
Goregaon,1,388,1.0,Semi-Furnished,0,20502
Goregaon,1,300,1.0,Unfurnished,0,16831
Bandra,3,1084,3.0,Unfurnished,1,104770
Dadar,2,679,3.0,Unfurnished,0,55694
Bandra,2,682,1.0,Semi-Furnished,0,66787
Dadar,3,1063,2.0,Unfurnished,0,98446
Andheri,3,979,3.0,Unfurnished,0,57661
Andheri,1,498,2.0,Semi-Furnished,1,39653
Andheri,3,902,3.0,Unfurnished,0,53853
Andheri,3,1053,2.0,Unfurnished,1,72343
Goregaon,2,742,2.0,Fully-Furnished,1,54623
Malad,1,352,2.0,Semi-Furnished,1,22557
Bandra,1,417,1.0,Unfurnished,1,42098
Malad,2,593,1.0,Semi-Furnished,1,29992
Borivali,4,1487,4.0,Fully-Furnished,1,82438
Borivali,1,354,1.0,Semi-Furnished,0,18062
Bandra,2,700,1.0,Semi-Furnished,0,77131
Bandra,3,943,4.0,Semi-Furnished,1,103948
Thane,3,999,3.0,Fully-Furnished,0,54354
Malad,1,345,1.0,Semi-Furnished,1,23771
Bandra,3,1041,3.0,Fully-Furnished,0,141970
Bandra,2,645,3.0,Semi-Furnished,1,70339
Malad,1,383,1.0,Fully-Furnished,0,25178
Dadar,1,300,2.0,Semi-Furnished,1,31634
Malad,2,725,3.0,Semi-Furnished,1,40604
Dadar,2,778,2.0,Semi-Furnished,1,84223
Kandivali,1,347,1.0,Semi-Furnished,1,22597
Malad,2,776,3.0,Unfurnished,1,50559
Andheri,3,1086,3.0,Unfurnished,1,65550
Chembur,1,429,1.0,Semi-Furnished,1,28359
Andheri,2,742,2.0,Fully-Furnished,1,58752
Borivali,3,1162,3.0,Unfurnished,0,51540
Malad,2,662,1.0,Semi-Furnished,1,40991
Malad,1,358,1.0,Fully-Furnished,1,28744
Bandra,2,659,1.0,Fully-Furnished,0,85958
Malad,3,965,3.0,Unfurnished,1,44538
Goregaon,1,390,1.0,Unfurnished,0,22150
Thane,1,300,1.0,Fully-Furnished,0,18862
Bandra,3,1031,4.0,Fully-Furnished,1,132882
Goregaon,3,991,4.0,Fully-Furnished,1,71038
Dadar,1,301,1.0,Semi-Furnished,1,33188
Bandra,4,1448,4.0,Semi-Furnished,0,139060
Goregaon,3,1101,2.0,Semi-Furnished,1,70092
Thane,2,560,2.0,Unfurnished,1,28889
Andheri,2,673,2.0,Semi-Furnished,1,48364
Chembur,2,612,2.0,Unfurnished,0,31641
Andheri,1,401,2.0,Semi-Furnished,1,29439
Andheri,2,620,2.0,Semi-Furnished,0,36171
Chembur,2,699,3.0,Semi-Furnished,0,46289
Kandivali,2,732,3.0,Unfurnished,1,39919
Borivali,2,684,2.0,Semi-Furnished,1,38891
Borivali,3,1030,3.0,Unfurnished,1,52103
Chembur,2,647,1.0,Unfurnished,1,38755
Chembur,2,708,2.0,Unfurnished,0,39917
Bandra,2,859,2.0,Fully-Furnished,0,100642
Goregaon,1,403,1.0,Fully-Furnished,0,29509
Goregaon,3,987,2.0,Unfurnished,0,56017
Powai,1,412,1.0,Unfurnished,1,32034
Goregaon,2,651,3.0,Semi-Furnished,1,48272
Thane,3,915,4.0,Fully-Furnished,1,56651
Powai,2,668,2.0,Fully-Furnished,1,67985
Bandra,1,300,2.0,Unfurnished,0,31018
Dadar,1,363,1.0,Unfurnished,0,33185
Chembur,2,802,1.0,Fully-Furnished,1,42750
Dadar,1,338,1.0,Fully-Furnished,0,38432
Andheri,4,1353,4.0,Fully-Furnished,1,101710
Borivali,2,657,3.0,Fully-Furnished,1,41496
Thane,3,1018,3.0,Unfurnished,1,47600
Kandivali,1,341,2.0,Unfurnished,1,21904
Kandivali,2,672,2.0,Semi-Furnished,0,32550
Goregaon,2,706,2.0,Fully-Furnished,0,44867
Borivali,3,1081,2.0,Semi-Furnished,1,57096
Malad,2,583,3.0,Unfurnished,1,33224
Goregaon,2,745,1.0,Unfurnished,1,38274
Thane,1,324,1.0,Fully-Furnished,0,15875
Bandra,1,300,1.0,Fully-Furnished,1,44226
Malad,1,454,1.0,Semi-Furnished,0,25577
Chembur,3,1019,2.0,Unfurnished,1,59784
Kandivali,4,1396,3.0,Fully-Furnished,1,81429
Andheri,2,745,3.0,Unfurnished,0,46373
Goregaon,2,612,2.0,Semi-Furnished,0,37087
Borivali,1,300,2.0,Fully-Furnished,0,20498
Andheri,2,594,2.0,Unfurnished,0,36509
Kandivali,1,363,2.0,Fully-Furnished,1,24816
Thane,1,453,1.0,Semi-Furnished,1,24856
Powai,2,848,2.0,Semi-Furnished,1,72137
Powai,2,599,3.0,Semi-Furnished,0,54092
Kandivali,1,380,1.0,Semi-Furnished,1,24356
Bandra,2,690,1.0,Semi-Furnished,0,61095
Bandra,2,647,1.0,Unfurnished,0,54343
Powai,2,765,2.0,Semi-Furnished,0,59899
Bandra,3,1198,3.0,Unfurnished,1,127549
Andheri,2,667,3.0,Fully-Furnished,1,56279
Thane,1,300,1.0,Semi-Furnished,0,16855
Malad,2,601,3.0,Semi-Furnished,0,35267
Goregaon,2,580,3.0,Semi-Furnished,0,32078
Dadar,2,626,3.0,Unfurnished,1,56261
Thane,1,300,1.0,Unfurnished,0,14917
Powai,1,377,1.0,Semi-Furnished,0,33506
Andheri,3,997,2.0,Unfurnished,1,59766
Kandivali,1,378,1.0,Fully-Furnished,1,24145
Goregaon,2,634,1.0,Fully-Furnished,1,45452
Malad,2,581,1.0,Unfurnished,1,35349
Malad,2,681,3.0,Semi-Furnished,1,44967
Borivali,3,963,2.0,Unfurnished,1,51918
Goregaon,2,763,3.0,Unfurnished,1,46537
Powai,1,352,1.0,Semi-Furnished,1,31978
Andheri,3,1084,3.0,Semi-Furnished,1,80524
Chembur,2,788,1.0,Semi-Furnished,1,49666
Bandra,4,1470,4.0,Fully-Furnished,1,172808
Malad,3,945,4.0,Fully-Furnished,0,64571
Kandivali,2,654,3.0,Semi-Furnished,1,43140
Powai,3,1075,3.0,Unfurnished,1,85412
Andheri,2,680,3.0,Unfurnished,0,47442
Malad,2,739,2.0,Unfurnished,1,42603
Thane,2,710,2.0,Fully-Furnished,1,43429
Goregaon,2,742,2.0,Semi-Furnished,1,49706
Chembur,2,766,2.0,Semi-Furnished,1,45856
Kandivali,3,1056,3.0,Semi-Furnished,1,60315
Chembur,3,1125,3.0,Unfurnished,1,61540
Andheri,3,1182,4.0,Semi-Furnished,1,87466
Powai,2,859,3.0,Unfurnished,1,70517
Andheri,1,384,1.0,Fully-Furnished,1,30663
Andheri,4,1320,3.0,Unfurnished,1,86117
Goregaon,3,1083,2.0,Unfurnished,0,59200
Goregaon,3,1004,2.0,Unfurnished,1,56061
Goregaon,1,300,1.0,Semi-Furnished,1,21022
Bandra,2,677,1.0,Fully-Furnished,1,77197
Andheri,2,775,1.0,Unfurnished,1,48585
Thane,1,362,2.0,Semi-Furnished,1,25270
Chembur,1,363,2.0,Fully-Furnished,1,31171
Dadar,1,300,1.0,Unfurnished,1,29470
Thane,2,790,2.0,Semi-Furnished,1,38789
Thane,2,727,2.0,Fully-Furnished,1,48866
Dadar,2,703,2.0,Semi-Furnished,1,73528
Borivali,2,732,3.0,Fully-Furnished,0,42280
Goregaon,1,366,1.0,Semi-Furnished,1,25814
Kandivali,3,1122,2.0,Fully-Furnished,1,66171
Chembur,1,354,2.0,Semi-Furnished,0,23029
Goregaon,1,300,1.0,Semi-Furnished,0,17771
Borivali,1,339,1.0,Unfurnished,1,19751
Andheri,1,381,2.0,Unfurnished,1,27418
Andheri,4,1531,5.0,Fully-Furnished,1,142860
Bandra,1,406,1.0,Semi-Furnished,1,46149
Chembur,2,740,3.0,Fully-Furnished,1,53019
Bandra,1,300,1.0,Unfurnished,1,33845
Dadar,1,300,1.0,Semi-Furnished,1,30384
Bandra,3,1086,4.0,Semi-Furnished,1,110074
Goregaon,4,1517,4.0,Unfurnished,1,85661
Malad,3,985,3.0,Unfurnished,1,49502
Thane,3,1053,3.0,Semi-Furnished,0,58332
Chembur,2,785,1.0,Unfurnished,1,43793
Powai,2,709,2.0,Semi-Furnished,0,62770
Malad,3,971,2.0,Unfurnished,0,51672
Goregaon,3,970,3.0,Semi-Furnished,1,55048
Powai,1,494,1.0,Semi-Furnished,0,37398
Thane,2,819,2.0,Semi-Furnished,1,47406
Andheri,2,736,2.0,Fully-Furnished,1,65976
Goregaon,2,621,2.0,Unfurnished,1,36165
Andheri,1,300,1.0,Semi-Furnished,0,19802
Bandra,3,1013,3.0,Semi-Furnished,0,114021
Dadar,1,300,2.0,Unfurnished,1,31565
Bandra,2,838,2.0,Unfurnished,0,74869
Kandivali,1,300,2.0,Unfurnished,1,20574
Dadar,2,707,2.0,Unfurnished,1,67893
Malad,2,872,3.0,Semi-Furnished,1,45614
Powai,1,300,2.0,Semi-Furnished,1,27604
Borivali,1,337,1.0,Semi-Furnished,1,23008
Thane,3,935,3.0,Fully-Furnished,1,58953
Andheri,4,1423,4.0,Unfurnished,1,87967
Chembur,2,649,1.0,Semi-Furnished,1,41997
Kandivali,1,332,1.0,Semi-Furnished,1,19489
Malad,1,301,1.0,Semi-Furnished,0,18286
Chembur,1,300,1.0,Semi-Furnished,1,21091
Chembur,2,760,1.0,Unfurnished,1,44312
Kandivali,4,1412,5.0,Fully-Furnished,1,88854
Bandra,3,1088,4.0,Unfurnished,1,120049
Thane,1,421,1.0,Fully-Furnished,1,28986
Powai,2,680,1.0,Fully-Furnished,1,69546
Malad,1,403,2.0,Unfurnished,1,22409
Powai,2,629,2.0,Unfurnished,0,50360
Bandra,2,708,2.0,Semi-Furnished,1,80589
Dadar,3,967,2.0,Fully-Furnished,1,97220
Chembur,1,317,1.0,Semi-Furnished,1,22502
Powai,2,570,2.0,Semi-Furnished,1,48806
Thane,1,300,1.0,Semi-Furnished,0,14600
Bandra,3,1061,3.0,Unfurnished,1,93617
Powai,1,364,1.0,Fully-Furnished,0,34534
Malad,2,665,2.0,Fully-Furnished,0,48783
Andheri,3,1127,2.0,Unfurnished,0,70954
Thane,2,867,3.0,Semi-Furnished,1,50066
Thane,4,1398,3.0,Fully-Furnished,0,78156
Borivali,2,825,1.0,Unfurnished,0,36612
Kandivali,2,555,1.0,Fully-Furnished,1,39800
Goregaon,3,1039,3.0,Fully-Furnished,1,78240
Kandivali,1,300,2.0,Semi-Furnished,1,18853
Chembur,4,1564,4.0,Fully-Furnished,1,100809
Goregaon,1,385,1.0,Semi-Furnished,0,25256
Kandivali,3,894,3.0,Unfurnished,1,48822
Dadar,2,627,3.0,Semi-Furnished,1,68343
Borivali,2,726,1.0,Unfurnished,0,32055
Kandivali,3,1051,4.0,Semi-Furnished,1,60538
Thane,3,1017,2.0,Fully-Furnished,1,56794
Kandivali,3,909,3.0,Unfurnished,1,44202
Kandivali,1,431,1.0,Unfurnished,1,22312
Dadar,1,395,2.0,Unfurnished,1,35334
Thane,2,844,1.0,Unfurnished,1,39068
Borivali,3,1172,3.0,Semi-Furnished,0,67947
Goregaon,2,762,1.0,Unfurnished,1,39431
Goregaon,1,300,2.0,Unfurnished,0,16904
Kandivali,2,643,2.0,Unfurnished,0,34138
Chembur,2,751,3.0,Unfurnished,1,51858
Bandra,1,462,1.0,Unfurnished,0,42575
Bandra,3,986,3.0,Semi-Furnished,0,117164
Thane,3,1030,3.0,Unfurnished,0,49704
Kandivali,2,629,2.0,Semi-Furnished,0,35159
Chembur,2,732,2.0,Semi-Furnished,0,50244
Thane,1,444,1.0,Semi-Furnished,0,20400
Thane,2,677,2.0,Fully-Furnished,1,41959
Bandra,1,319,1.0,Unfurnished,0,29425
Kandivali,4,1397,4.0,Semi-Furnished,1,80350
Powai,1,360,1.0,Fully-Furnished,0,32968
Bandra,4,1497,3.0,Fully-Furnished,1,193149
Bandra,2,859,2.0,Fully-Furnished,0,100642
